{
  "timestamp": 1774436616.9746122,
  "nodes": 42000,
  "coherence": 0.6904348946321975,
  "latency_us": 4240.729668610453,
  "stress_enabled": true,
  "status": "SOVEREIGN_COHERENCE_ACHIEVED"
}